1059.jpeg,7
759.jpeg,33
305.jpeg,8
486.jpeg,16
961.jpeg,22
736.jpeg,5
94.jpeg,49
600.jpeg,23
1480.jpeg,46
1449.jpeg,15
1460.jpeg,41
5.jpeg,19
1285.jpeg,44
474.jpeg,45
1297.jpeg,23
414.jpeg,23
930.jpeg,29
1356.jpeg,45
379.jpeg,6
1050.jpeg,47
1213.jpeg,7
1131.jpeg,35
390.jpeg,24
348.jpeg,41
1197.jpeg,7
1268.jpeg,9
147.jpeg,26
1042.jpeg,5
376.jpeg,31
208.jpeg,35
299.jpeg,32
254.jpeg,11
639.jpeg,12
287.jpeg,17
422.jpeg,40
1218.jpeg,41
289.jpeg,22
117.jpeg,21
707.jpeg,15
1258.jpeg,15
351.jpeg,31
498.jpeg,6
1076.jpeg,11
1227.jpeg,15
321.jpeg,3
974.jpeg,39
58.jpeg,1
350.jpeg,22
1241.jpeg,17
915.jpeg,46
631.jpeg,10
252.jpeg,11
648.jpeg,9
244.jpeg,2
1088.jpeg,32
727.jpeg,28
1262.jpeg,16
159.jpeg,36
1499.jpeg,26
560.jpeg,48
495.jpeg,44
1353.jpeg,28
916.jpeg,36
391.jpeg,5
90.jpeg,18
173.jpeg,4
571.jpeg,24
372.jpeg,16
1468.jpeg,28
734.jpeg,21
44.jpeg,22
288.jpeg,14
62.jpeg,9
355.jpeg,40
1051.jpeg,1
1122.jpeg,3
784.jpeg,39
606.jpeg,1
1012.jpeg,4
733.jpeg,24
354.jpeg,6
310.jpeg,24
136.jpeg,23
1179.jpeg,17
647.jpeg,23
205.jpeg,30
460.jpeg,17
1489.jpeg,34
843.jpeg,15
375.jpeg,44
1447.jpeg,11
214.jpeg,2
516.jpeg,36
723.jpeg,44
96.jpeg,27
1269.jpeg,21
361.jpeg,17
550.jpeg,39
55.jpeg,6
638.jpeg,40
1402.jpeg,32
838.jpeg,2
203.jpeg,27
925.jpeg,4
1386.jpeg,38
590.jpeg,26
1311.jpeg,30
825.jpeg,3
105.jpeg,16
248.jpeg,33
426.jpeg,14
1406.jpeg,30
161.jpeg,5
269.jpeg,27
1193.jpeg,40
280.jpeg,20
767.jpeg,42
98.jpeg,39
872.jpeg,46
80.jpeg,24
1138.jpeg,17
808.jpeg,12
1055.jpeg,45
559.jpeg,6
153.jpeg,36
868.jpeg,30
1024.jpeg,13
543.jpeg,35
124.jpeg,41
1191.jpeg,9
1359.jpeg,24
824.jpeg,29
724.jpeg,18
861.jpeg,26
1225.jpeg,30
496.jpeg,8
200.jpeg,20
318.jpeg,12
1037.jpeg,9
1484.jpeg,0
876.jpeg,27
1394.jpeg,33
1151.jpeg,36
340.jpeg,44
659.jpeg,4
938.jpeg,9
1072.jpeg,18
1115.jpeg,19
529.jpeg,7
948.jpeg,42
837.jpeg,20
343.jpeg,47
706.jpeg,43
11.jpeg,46
1175.jpeg,2
1332.jpeg,34
217.jpeg,38
885.jpeg,7
439.jpeg,31
949.jpeg,27
370.jpeg,21
676.jpeg,44
294.jpeg,19
840.jpeg,7
936.jpeg,44
227.jpeg,15
1177.jpeg,4
1299.jpeg,31
243.jpeg,27
207.jpeg,35
416.jpeg,3
749.jpeg,41
324.jpeg,36
1496.jpeg,12
1441.jpeg,27
1159.jpeg,31
952.jpeg,45
399.jpeg,39
1242.jpeg,17
831.jpeg,27
434.jpeg,4
849.jpeg,8
708.jpeg,38
609.jpeg,6
156.jpeg,47
827.jpeg,5
494.jpeg,34
461.jpeg,32
28.jpeg,24
464.jpeg,10
905.jpeg,11
1271.jpeg,14
1350.jpeg,39
967.jpeg,34
249.jpeg,36
1315.jpeg,13
50.jpeg,5
1458.jpeg,5
761.jpeg,29
596.jpeg,17
671.jpeg,26
848.jpeg,39
1474.jpeg,9
865.jpeg,39
177.jpeg,14
1433.jpeg,4
482.jpeg,31
1228.jpeg,45
1034.jpeg,33
1478.jpeg,3
185.jpeg,24
1208.jpeg,36
834.jpeg,40
449.jpeg,12
692.jpeg,8
611.jpeg,32
389.jpeg,27
951.jpeg,0
218.jpeg,15
1473.jpeg,2
1254.jpeg,11
914.jpeg,42
291.jpeg,18
131.jpeg,32
1396.jpeg,27
541.jpeg,24
1255.jpeg,15
230.jpeg,10
74.jpeg,18
719.jpeg,48
1393.jpeg,20
539.jpeg,8
1114.jpeg,2
1250.jpeg,47
523.jpeg,39
1011.jpeg,16
1211.jpeg,40
520.jpeg,5
1185.jpeg,44
764.jpeg,49
968.jpeg,21
1469.jpeg,16
522.jpeg,0
1264.jpeg,23
353.jpeg,23
832.jpeg,8
332.jpeg,20
531.jpeg,31
821.jpeg,16
1184.jpeg,18
1000.jpeg,35
681.jpeg,48
427.jpeg,15
902.jpeg,30
623.jpeg,24
1369.jpeg,4
741.jpeg,17
729.jpeg,22
1010.jpeg,12
1201.jpeg,26
670.jpeg,39
807.jpeg,12
1161.jpeg,31
232.jpeg,40
1278.jpeg,40
1290.jpeg,23
169.jpeg,26
1187.jpeg,9
1219.jpeg,11
1232.jpeg,21
1365.jpeg,45
20.jpeg,8
1320.jpeg,44
765.jpeg,0
1005.jpeg,16
138.jpeg,47
1275.jpeg,44
978.jpeg,41
87.jpeg,23
334.jpeg,19
369.jpeg,44
24.jpeg,1
941.jpeg,24
1451.jpeg,9
1192.jpeg,11
1322.jpeg,6
38.jpeg,14
344.jpeg,16
1180.jpeg,46
26.jpeg,8
365.jpeg,21
1204.jpeg,34
1202.jpeg,13
1273.jpeg,42
3.jpeg,14
975.jpeg,7
633.jpeg,44
106.jpeg,39
1355.jpeg,8
842.jpeg,19
910.jpeg,10
1279.jpeg,24
135.jpeg,33
489.jpeg,33
548.jpeg,30
31.jpeg,38
271.jpeg,30
187.jpeg,28
1017.jpeg,6
875.jpeg,1
263.jpeg,11
258.jpeg,8
465.jpeg,23
883.jpeg,47
673.jpeg,7
983.jpeg,17
739.jpeg,46
908.jpeg,40
553.jpeg,4
911.jpeg,19
508.jpeg,28
315.jpeg,19
443.jpeg,3
1306.jpeg,7
1281.jpeg,31
556.jpeg,6
1085.jpeg,10
612.jpeg,20
783.jpeg,20
77.jpeg,16
958.jpeg,16
259.jpeg,19
235.jpeg,11
1128.jpeg,18
658.jpeg,5
316.jpeg,14
871.jpeg,5
17.jpeg,30
1340.jpeg,32
728.jpeg,35
493.jpeg,44
666.jpeg,1
898.jpeg,2
1298.jpeg,11
1144.jpeg,12
850.jpeg,31
36.jpeg,20
43.jpeg,0
1325.jpeg,11
1015.jpeg,3
603.jpeg,29
881.jpeg,35
114.jpeg,8
33.jpeg,7
323.jpeg,9
204.jpeg,28
56.jpeg,11
538.jpeg,38
68.jpeg,17
2.jpeg,14
1099.jpeg,14
574.jpeg,2
1487.jpeg,46
1333.jpeg,29
1265.jpeg,9
1251.jpeg,31
452.jpeg,40
27.jpeg,29
154.jpeg,40
1064.jpeg,8
566.jpeg,11
300.jpeg,18
152.jpeg,36
99.jpeg,6
319.jpeg,36
435.jpeg,27
955.jpeg,14
1212.jpeg,17
290.jpeg,11
15.jpeg,42
1102.jpeg,45
699.jpeg,21
587.jpeg,11
257.jpeg,47
1153.jpeg,12
325.jpeg,9
1126.jpeg,29
785.jpeg,36
1162.jpeg,45
786.jpeg,38
919.jpeg,31
1427.jpeg,46
116.jpeg,2
982.jpeg,14
404.jpeg,30
381.jpeg,38
1134.jpeg,8
933.jpeg,20
770.jpeg,12
1303.jpeg,41
816.jpeg,5
477.jpeg,6
402.jpeg,32
1032.jpeg,49
1346.jpeg,34
459.jpeg,10
363.jpeg,11
629.jpeg,42
1252.jpeg,35
1488.jpeg,26
88.jpeg,3
331.jpeg,12
773.jpeg,30
552.jpeg,2
598.jpeg,17
1424.jpeg,34
1004.jpeg,40
1436.jpeg,40
440.jpeg,31
380.jpeg,11
1459.jpeg,31
1397.jpeg,39
377.jpeg,38
618.jpeg,46
622.jpeg,49
1330.jpeg,32
551.jpeg,18
542.jpeg,1
873.jpeg,1
713.jpeg,34
1367.jpeg,36
1318.jpeg,40
14.jpeg,38
46.jpeg,26
180.jpeg,48
643.jpeg,40
1109.jpeg,38
1164.jpeg,27
453.jpeg,8
419.jpeg,2
1094.jpeg,15
1116.jpeg,16
303.jpeg,20
129.jpeg,40
1335.jpeg,9
335.jpeg,28
382.jpeg,47
1450.jpeg,35
1157.jpeg,31
438.jpeg,20
245.jpeg,42
1084.jpeg,35
1053.jpeg,31
1230.jpeg,36
126.jpeg,14
882.jpeg,16
1358.jpeg,19
1492.jpeg,4
445.jpeg,35
999.jpeg,8
309.jpeg,40
929.jpeg,47
1087.jpeg,14
903.jpeg,20
1414.jpeg,4
867.jpeg,8
846.jpeg,15
467.jpeg,18
726.jpeg,26
526.jpeg,39
986.jpeg,18
1021.jpeg,13
1165.jpeg,48
4.jpeg,39
1195.jpeg,8
1056.jpeg,20
308.jpeg,39
1148.jpeg,30
1019.jpeg,49
1336.jpeg,14
1046.jpeg,24
178.jpeg,18
1118.jpeg,11
1425.jpeg,35
642.jpeg,42
1209.jpeg,0
417.jpeg,2
1066.jpeg,33
30.jpeg,14
163.jpeg,27
928.jpeg,13
1089.jpeg,23
674.jpeg,0
853.jpeg,18
191.jpeg,46
1361.jpeg,10
1207.jpeg,0
963.jpeg,24
1292.jpeg,13
1139.jpeg,11
212.jpeg,20
536.jpeg,44
1022.jpeg,5
772.jpeg,33
644.jpeg,40
339.jpeg,18
979.jpeg,33
565.jpeg,8
895.jpeg,8
646.jpeg,14
1231.jpeg,8
148.jpeg,17
506.jpeg,9
317.jpeg,30
273.jpeg,33
515.jpeg,33
1316.jpeg,12
211.jpeg,36
1277.jpeg,10
69.jpeg,9
1422.jpeg,46
971.jpeg,17
146.jpeg,34
480.jpeg,18
360.jpeg,38
920.jpeg,32
966.jpeg,40
1257.jpeg,12
34.jpeg,15
256.jpeg,46
874.jpeg,16
715.jpeg,18
119.jpeg,10
703.jpeg,19
1156.jpeg,38
748.jpeg,21
209.jpeg,36
605.jpeg,16
193.jpeg,33
960.jpeg,1
224.jpeg,31
1256.jpeg,7
1383.jpeg,46
1419.jpeg,11
1163.jpeg,47
141.jpeg,30
766.jpeg,28
279.jpeg,12
794.jpeg,40
776.jpeg,19
32.jpeg,13
436.jpeg,21
1329.jpeg,5
285.jpeg,27
945.jpeg,5
720.jpeg,19
505.jpeg,17
1199.jpeg,21
1086.jpeg,9
923.jpeg,8
1154.jpeg,40
1016.jpeg,41
826.jpeg,17
1304.jpeg,15
1388.jpeg,27
128.jpeg,42
1385.jpeg,40
1328.jpeg,42
809.jpeg,5
1103.jpeg,47
791.jpeg,27
151.jpeg,3
1152.jpeg,19
844.jpeg,14
284.jpeg,47
758.jpeg,7
507.jpeg,29
145.jpeg,35
1434.jpeg,16
85.jpeg,18
213.jpeg,44
463.jpeg,17
1466.jpeg,18
1045.jpeg,44
481.jpeg,28
1167.jpeg,26
731.jpeg,35
1096.jpeg,47
503.jpeg,29
1317.jpeg,21
655.jpeg,6
675.jpeg,35
311.jpeg,46
397.jpeg,44
517.jpeg,44
610.jpeg,34
283.jpeg,3
879.jpeg,9
693.jpeg,35
1189.jpeg,13
393.jpeg,41
406.jpeg,28
1343.jpeg,32
513.jpeg,5
312.jpeg,13
1133.jpeg,42
385.jpeg,15
991.jpeg,3
1217.jpeg,48
112.jpeg,29
47.jpeg,48
338.jpeg,14
246.jpeg,31
405.jpeg,43
497.jpeg,18
396.jpeg,30
0.jpeg,42
1467.jpeg,46
488.jpeg,26
241.jpeg,6
383.jpeg,8
458.jpeg,34
1448.jpeg,39
302.jpeg,27
157.jpeg,4
356.jpeg,47
1381.jpeg,5
1485.jpeg,44
451.jpeg,35
1305.jpeg,48
984.jpeg,15
1430.jpeg,30
627.jpeg,26
255.jpeg,35
787.jpeg,20
7.jpeg,0
49.jpeg,16
247.jpeg,15
904.jpeg,27
1068.jpeg,6
1391.jpeg,42
1443.jpeg,46
1395.jpeg,14
1420.jpeg,11
1409.jpeg,27
1377.jpeg,16
1083.jpeg,31
763.jpeg,5
663.jpeg,34
1120.jpeg,38
1453.jpeg,21
1146.jpeg,2
668.jpeg,25
70.jpeg,10
179.jpeg,19
1389.jpeg,31
1196.jpeg,12
408.jpeg,3
712.jpeg,17
170.jpeg,49
859.jpeg,47
588.jpeg,33
1384.jpeg,19
403.jpeg,10
238.jpeg,24
573.jpeg,41
845.jpeg,30
1014.jpeg,38
107.jpeg,36
954.jpeg,15
1342.jpeg,41
1041.jpeg,33
219.jpeg,48
349.jpeg,36
781.jpeg,47
1294.jpeg,48
1364.jpeg,48
751.jpeg,15
594.jpeg,8
433.jpeg,14
501.jpeg,36
195.jpeg,29
37.jpeg,48
337.jpeg,26
597.jpeg,17
1033.jpeg,7
577.jpeg,35
862.jpeg,30
657.jpeg,14
1121.jpeg,18
569.jpeg,46
1347.jpeg,47
649.jpeg,38
19.jpeg,36
454.jpeg,14
620.jpeg,26
172.jpeg,11
40.jpeg,13
1234.jpeg,30
907.jpeg,5
768.jpeg,1
194.jpeg,7
1261.jpeg,22
1062.jpeg,26
747.jpeg,46
798.jpeg,3
981.jpeg,46
72.jpeg,13
854.jpeg,20
1150.jpeg,38
1145.jpeg,11
181.jpeg,5
701.jpeg,12
149.jpeg,17
270.jpeg,34
236.jpeg,8
240.jpeg,33
667.jpeg,19
567.jpeg,33
924.jpeg,48
564.jpeg,26
817.jpeg,19
535.jpeg,18
342.jpeg,27
1104.jpeg,19
192.jpeg,16
1029.jpeg,33
202.jpeg,7
897.jpeg,41
754.jpeg,0
839.jpeg,15
250.jpeg,42
1060.jpeg,6
534.jpeg,36
1477.jpeg,37
1172.jpeg,34
216.jpeg,32
721.jpeg,19
306.jpeg,36
1360.jpeg,29
688.jpeg,16
704.jpeg,20
162.jpeg,39
1070.jpeg,13
1310.jpeg,38
1074.jpeg,35
1203.jpeg,44
828.jpeg,16
215.jpeg,1
1009.jpeg,21
228.jpeg,16
1110.jpeg,42
198.jpeg,10
1054.jpeg,7
1025.jpeg,26
500.jpeg,49
373.jpeg,33
996.jpeg,6
1168.jpeg,21
1362.jpeg,14
1368.jpeg,39
1027.jpeg,35
691.jpeg,0
394.jpeg,4
8.jpeg,49
1140.jpeg,4
137.jpeg,36
1454.jpeg,15
109.jpeg,20
716.jpeg,11
378.jpeg,6
1130.jpeg,30
700.jpeg,12
939.jpeg,30
296.jpeg,12
1416.jpeg,40
1173.jpeg,44
420.jpeg,39
558.jpeg,4
818.jpeg,39
664.jpeg,21
168.jpeg,10
602.jpeg,12
1341.jpeg,13
113.jpeg,13
260.jpeg,12
762.jpeg,38
410.jpeg,2
992.jpeg,36
695.jpeg,38
188.jpeg,23
1030.jpeg,23
286.jpeg,1
514.jpeg,38
630.jpeg,48
447.jpeg,5
855.jpeg,39
262.jpeg,4
1111.jpeg,23
341.jpeg,2
789.jpeg,13
1149.jpeg,0
922.jpeg,18
797.jpeg,40
1077.jpeg,45
899.jpeg,39
953.jpeg,15
1092.jpeg,49
264.jpeg,10
686.jpeg,0
1284.jpeg,0
1417.jpeg,5
1031.jpeg,14
197.jpeg,2
575.jpeg,1
455.jpeg,38
1491.jpeg,8
352.jpeg,49
1013.jpeg,45
554.jpeg,10
358.jpeg,47
753.jpeg,22
572.jpeg,31
711.jpeg,49
614.jpeg,29
1247.jpeg,27
386.jpeg,3
472.jpeg,2
532.jpeg,30
266.jpeg,46
650.jpeg,13
108.jpeg,41
1327.jpeg,13
1289.jpeg,21
104.jpeg,28
1093.jpeg,47
995.jpeg,7
60.jpeg,33
142.jpeg,0
367.jpeg,6
492.jpeg,36
801.jpeg,24
1302.jpeg,8
1461.jpeg,31
1442.jpeg,2
1107.jpeg,28
1301.jpeg,4
568.jpeg,46
931.jpeg,16
1028.jpeg,14
977.jpeg,41
411.jpeg,5
277.jpeg,19
1073.jpeg,35
22.jpeg,39
621.jpeg,14
82.jpeg,35
61.jpeg,10
268.jpeg,3
1338.jpeg,9
744.jpeg,10
705.jpeg,39
1399.jpeg,5
125.jpeg,13
57.jpeg,28
1006.jpeg,22
858.jpeg,26
1263.jpeg,38
1002.jpeg,30
735.jpeg,28
1238.jpeg,7
546.jpeg,46
1452.jpeg,18
150.jpeg,12
71.jpeg,33
1471.jpeg,11
1095.jpeg,3
1186.jpeg,38
1243.jpeg,48
689.jpeg,22
519.jpeg,28
132.jpeg,46
926.jpeg,23
1216.jpeg,45
1018.jpeg,8
717.jpeg,48
110.jpeg,26
421.jpeg,30
1426.jpeg,49
1023.jpeg,15
524.jpeg,34
101.jpeg,8
272.jpeg,22
909.jpeg,2
1274.jpeg,40
206.jpeg,45
165.jpeg,31
412.jpeg,9
1246.jpeg,29
851.jpeg,11
1220.jpeg,17
580.jpeg,36
900.jpeg,11
694.jpeg,31
196.jpeg,2
1057.jpeg,17
210.jpeg,7
301.jpeg,24
944.jpeg,10
690.jpeg,30
969.jpeg,6
756.jpeg,16
521.jpeg,10
347.jpeg,17
1392.jpeg,49
677.jpeg,0
1300.jpeg,4
473.jpeg,8
678.jpeg,4
1026.jpeg,32
1176.jpeg,42
41.jpeg,38
884.jpeg,30
771.jpeg,28
576.jpeg,24
1106.jpeg,20
51.jpeg,38
888.jpeg,43
683.jpeg,14
540.jpeg,15
998.jpeg,22
947.jpeg,24
1415.jpeg,29
857.jpeg,22
803.jpeg,5
918.jpeg,2
1143.jpeg,43
295.jpeg,35
1313.jpeg,4
1020.jpeg,33
1371.jpeg,34
896.jpeg,0
760.jpeg,32
387.jpeg,7
415.jpeg,24
499.jpeg,29
877.jpeg,1
1457.jpeg,0
595.jpeg,31
18.jpeg,46
1379.jpeg,42
53.jpeg,27
333.jpeg,13
545.jpeg,34
359.jpeg,4
1272.jpeg,8
750.jpeg,13
298.jpeg,22
836.jpeg,17
1091.jpeg,8
537.jpeg,46
1495.jpeg,9
446.jpeg,19
314.jpeg,26
645.jpeg,9
490.jpeg,8
1003.jpeg,20
1090.jpeg,36
144.jpeg,18
1283.jpeg,48
742.jpeg,16
1097.jpeg,0
737.jpeg,29
328.jpeg,29
1282.jpeg,32
423.jpeg,7
155.jpeg,8
637.jpeg,13
563.jpeg,4
357.jpeg,47
462.jpeg,8
1418.jpeg,6
100.jpeg,18
329.jpeg,30
833.jpeg,37
718.jpeg,29
1280.jpeg,38
281.jpeg,13
409.jpeg,32
1486.jpeg,23
1222.jpeg,30
579.jpeg,36
942.jpeg,22
510.jpeg,19
1286.jpeg,34
806.jpeg,16
123.jpeg,35
890.jpeg,12
237.jpeg,6
738.jpeg,39
1182.jpeg,30
814.jpeg,23
424.jpeg,14
67.jpeg,8
1308.jpeg,45
1035.jpeg,33
592.jpeg,39
684.jpeg,1
1463.jpeg,40
795.jpeg,32
175.jpeg,31
13.jpeg,38
1390.jpeg,8
345.jpeg,2
1354.jpeg,31
407.jpeg,29
912.jpeg,26
1437.jpeg,7
1160.jpeg,15
1132.jpeg,8
364.jpeg,18
937.jpeg,10
732.jpeg,0
450.jpeg,48
774.jpeg,21
45.jpeg,36
199.jpeg,16
989.jpeg,13
1266.jpeg,45
413.jpeg,21
599.jpeg,23
927.jpeg,22
869.jpeg,41
1319.jpeg,22
274.jpeg,1
139.jpeg,22
964.jpeg,35
418.jpeg,19
1287.jpeg,40
1470.jpeg,34
1438.jpeg,26
710.jpeg,5
63.jpeg,33
1181.jpeg,28
932.jpeg,39
1125.jpeg,30
1235.jpeg,26
491.jpeg,28
282.jpeg,26
660.jpeg,36
1001.jpeg,16
994.jpeg,12
102.jpeg,38
484.jpeg,19
680.jpeg,32
1127.jpeg,48
1245.jpeg,4
780.jpeg,3
1387.jpeg,5
810.jpeg,22
1431.jpeg,49
475.jpeg,2
1183.jpeg,21
1214.jpeg,38
1223.jpeg,0
533.jpeg,28
1112.jpeg,39
182.jpeg,3
581.jpeg,35
829.jpeg,47
601.jpeg,31
1171.jpeg,17
54.jpeg,14
1078.jpeg,4
892.jpeg,36
746.jpeg,44
987.jpeg,36
709.jpeg,21
613.jpeg,22
1123.jpeg,15
1249.jpeg,9
293.jpeg,36
222.jpeg,18
176.jpeg,35
1063.jpeg,16
1472.jpeg,24
1370.jpeg,20
1376.jpeg,46
1291.jpeg,49
1455.jpeg,30
12.jpeg,26
1065.jpeg,17
92.jpeg,29
570.jpeg,33
78.jpeg,30
1147.jpeg,44
1.jpeg,3
1410.jpeg,42
1039.jpeg,47
685.jpeg,22
799.jpeg,2
662.jpeg,35
120.jpeg,46
122.jpeg,10
25.jpeg,24
665.jpeg,29
1069.jpeg,20
184.jpeg,35
476.jpeg,48
1141.jpeg,26
1206.jpeg,21
261.jpeg,6
444.jpeg,48
1117.jpeg,38
1079.jpeg,13
1440.jpeg,17
632.jpeg,1
830.jpeg,20
1366.jpeg,16
1378.jpeg,1
921.jpeg,17
66.jpeg,40
1412.jpeg,46
1321.jpeg,40
518.jpeg,10
35.jpeg,34
525.jpeg,3
1276.jpeg,41
940.jpeg,29
1270.jpeg,21
183.jpeg,29
1142.jpeg,24
167.jpeg,47
730.jpeg,16
322.jpeg,38
894.jpeg,2
1036.jpeg,2
1295.jpeg,32
469.jpeg,11
863.jpeg,45
555.jpeg,0
226.jpeg,10
223.jpeg,19
483.jpeg,18
95.jpeg,3
661.jpeg,45
1080.jpeg,45
485.jpeg,39
1267.jpeg,30
608.jpeg,35
1421.jpeg,1
1372.jpeg,33
220.jpeg,15
583.jpeg,47
562.jpeg,33
437.jpeg,1
1248.jpeg,35
267.jpeg,0
651.jpeg,35
696.jpeg,45
374.jpeg,10
725.jpeg,49
589.jpeg,10
1296.jpeg,38
511.jpeg,1
988.jpeg,0
42.jpeg,34
1498.jpeg,40
174.jpeg,38
745.jpeg,3
654.jpeg,7
1403.jpeg,6
790.jpeg,38
1229.jpeg,34
509.jpeg,46
91.jpeg,7
130.jpeg,20
740.jpeg,13
265.jpeg,6
442.jpeg,4
487.jpeg,39
164.jpeg,35
1188.jpeg,23
547.jpeg,28
1339.jpeg,20
1446.jpeg,6
1119.jpeg,12
697.jpeg,7
1205.jpeg,22
591.jpeg,45
1224.jpeg,39
121.jpeg,22
582.jpeg,40
1158.jpeg,4
1008.jpeg,21
755.jpeg,4
1493.jpeg,42
368.jpeg,38
186.jpeg,49
297.jpeg,46
234.jpeg,48
1334.jpeg,3
1007.jpeg,12
777.jpeg,47
189.jpeg,28
65.jpeg,47
1351.jpeg,40
225.jpeg,0
1479.jpeg,22
111.jpeg,19
16.jpeg,13
158.jpeg,40
276.jpeg,13
1465.jpeg,39
1038.jpeg,33
775.jpeg,24
793.jpeg,42
634.jpeg,35
779.jpeg,14
1382.jpeg,36
1040.jpeg,18
1428.jpeg,45
1374.jpeg,44
1105.jpeg,6
935.jpeg,14
1349.jpeg,20
1331.jpeg,9
429.jpeg,26
1464.jpeg,32
864.jpeg,38
1170.jpeg,39
636.jpeg,19
1190.jpeg,7
889.jpeg,26
1198.jpeg,14
946.jpeg,40
127.jpeg,29
1082.jpeg,12
1345.jpeg,21
1324.jpeg,0
722.jpeg,5
997.jpeg,45
143.jpeg,48
943.jpeg,36
362.jpeg,41
586.jpeg,3
1407.jpeg,19
1233.jpeg,12
371.jpeg,49
330.jpeg,24
251.jpeg,18
103.jpeg,38
1323.jpeg,42
702.jpeg,41
906.jpeg,12
133.jpeg,0
870.jpeg,4
802.jpeg,18
778.jpeg,40
811.jpeg,21
1314.jpeg,13
425.jpeg,44
468.jpeg,0
1239.jpeg,41
1482.jpeg,21
1178.jpeg,49
1348.jpeg,9
913.jpeg,4
166.jpeg,46
140.jpeg,46
788.jpeg,1
628.jpeg,28
1101.jpeg,35
1260.jpeg,42
1405.jpeg,42
893.jpeg,29
81.jpeg,44
275.jpeg,2
672.jpeg,23
1398.jpeg,5
1067.jpeg,32
530.jpeg,20
1236.jpeg,40
820.jpeg,28
1456.jpeg,29
1401.jpeg,45
233.jpeg,49
561.jpeg,42
1497.jpeg,30
980.jpeg,28
604.jpeg,22
292.jpeg,11
1200.jpeg,49
1494.jpeg,24
769.jpeg,23
478.jpeg,19
626.jpeg,38
819.jpeg,47
456.jpeg,4
682.jpeg,17
115.jpeg,16
823.jpeg,38
160.jpeg,26
1288.jpeg,6
1445.jpeg,8
959.jpeg,18
242.jpeg,6
1501.jpeg,10
10.jpeg,39
97.jpeg,30
326.jpeg,26
278.jpeg,38
1052.jpeg,7
970.jpeg,2
625.jpeg,20
990.jpeg,36
1502.jpeg,10
641.jpeg,17
307.jpeg,20
578.jpeg,30
782.jpeg,42
1309.jpeg,22
201.jpeg,30
1435.jpeg,1
502.jpeg,32
512.jpeg,36
1307.jpeg,40
800.jpeg,46
1124.jpeg,29
714.jpeg,11
1047.jpeg,19
1098.jpeg,40
1129.jpeg,20
653.jpeg,13
1075.jpeg,41
1462.jpeg,47
9.jpeg,30
1337.jpeg,26
640.jpeg,13
428.jpeg,29
1363.jpeg,45
619.jpeg,15
86.jpeg,30
1058.jpeg,34
448.jpeg,4
1411.jpeg,0
1244.jpeg,7
635.jpeg,16
1135.jpeg,14
52.jpeg,23
866.jpeg,13
89.jpeg,5
973.jpeg,45
856.jpeg,42
1137.jpeg,45
395.jpeg,23
1221.jpeg,24
1174.jpeg,19
1237.jpeg,1
388.jpeg,20
1113.jpeg,6
1404.jpeg,12
698.jpeg,19
544.jpeg,23
23.jpeg,15
1048.jpeg,7
1408.jpeg,10
585.jpeg,7
64.jpeg,13
757.jpeg,48
231.jpeg,3
607.jpeg,40
1253.jpeg,49
805.jpeg,17
1043.jpeg,23
669.jpeg,46
812.jpeg,6
1400.jpeg,20
656.jpeg,11
1240.jpeg,16
21.jpeg,35
400.jpeg,18
593.jpeg,21
679.jpeg,39
1081.jpeg,35
1439.jpeg,10
441.jpeg,46
887.jpeg,45
1357.jpeg,10
1166.jpeg,18
190.jpeg,24
398.jpeg,26
687.jpeg,39
985.jpeg,32
1490.jpeg,34
956.jpeg,22
134.jpeg,27
528.jpeg,35
29.jpeg,31
950.jpeg,27
891.jpeg,16
1169.jpeg,35
1481.jpeg,8
83.jpeg,47
470.jpeg,4
471.jpeg,2
957.jpeg,35
804.jpeg,32
1049.jpeg,9
75.jpeg,38
1326.jpeg,4
320.jpeg,13
504.jpeg,13
171.jpeg,7
901.jpeg,22
1108.jpeg,0
841.jpeg,41
796.jpeg,34
401.jpeg,9
965.jpeg,28
1500.jpeg,19
1259.jpeg,4
1352.jpeg,0
392.jpeg,14
48.jpeg,16
886.jpeg,41
835.jpeg,42
6.jpeg,0
792.jpeg,4
221.jpeg,28
878.jpeg,35
584.jpeg,33
976.jpeg,22
617.jpeg,45
815.jpeg,26
743.jpeg,44
615.jpeg,48
847.jpeg,38
1423.jpeg,9
239.jpeg,20
1226.jpeg,22
1380.jpeg,46
327.jpeg,1
822.jpeg,2
1071.jpeg,4
1293.jpeg,19
1194.jpeg,24
1483.jpeg,21
852.jpeg,15
366.jpeg,21
76.jpeg,23
430.jpeg,14
860.jpeg,29
1475.jpeg,8
346.jpeg,35
934.jpeg,16
384.jpeg,41
752.jpeg,17
1155.jpeg,44
466.jpeg,49
1429.jpeg,2
431.jpeg,3
479.jpeg,40
1375.jpeg,22
616.jpeg,41
527.jpeg,24
880.jpeg,25
336.jpeg,21
1413.jpeg,16
972.jpeg,19
962.jpeg,0
313.jpeg,41
229.jpeg,27
557.jpeg,17
1044.jpeg,32
457.jpeg,24
253.jpeg,5
79.jpeg,34
73.jpeg,45
1136.jpeg,46
917.jpeg,16
304.jpeg,32
813.jpeg,32
118.jpeg,39
59.jpeg,3
84.jpeg,33
549.jpeg,15
624.jpeg,45
1432.jpeg,27
1312.jpeg,41
652.jpeg,17
1476.jpeg,34
1373.jpeg,41
1444.jpeg,15
432.jpeg,49
93.jpeg,35
39.jpeg,40
993.jpeg,8
1100.jpeg,20
1215.jpeg,24
1210.jpeg,49
1061.jpeg,13
1344.jpeg,16
